<?xml version="1.0" encoding="UTF-8" ?>
<!DOCTYPE mapper
PUBLIC "-//mybatis.org//DTD Mapper 3.0//EN"
"http://mybatis.org/dtd/mybatis-3-mapper.dtd">
<mapper namespace="com.dto">

	<select id="selectAll" resultType="MyProductDTO">
     select prodId, prodName, price , quantity
     from myproduct
     order by prodId asc
	</select>
	
	<delete id="deleteByProdId" parameterType="string">
	 delete 
	 from myproduct
	 where prodId = #{prodId}
	</delete>

      <delete id="deleteByAllProdId" parameterType="arraylist">
    delete from myproduct
    <where>
    <foreach collection="list" item="xx" index="index" > 
        or prodId = #{xx}
   </foreach>
     </where>
  </delete>
</mapper>